steering_strength,prompt_idx,prompt,response,response_length,high_trait_words,low_trait_words,trait_score,trait
-3.0,0,I think the best approach to solving problems is...,to first think about the problem and then to try to solve it. I think that the best way to solve problems is to first think about the problem and then to try to solve it.,36,0,0,0,openness
-3.0,1,"When I encounter something new, I usually...","ask myself a series of questions. I don't know if this is a good or bad habit, but it seems to work for me. I am wondering if there are any other people who have this habit, and if so, what are they doing? I am looking for a list of questions that I can ask myself when I encounter something new. I am not looking for a list of questions that I can ask myself when I am learning something new. I am looking for a list of questions that",91,0,0,0,openness
-3.0,2,My ideal way to spend free time is...,"to go for a walk in the forest. I like to see the trees and the flowers, and I like to smell the flowers. I like to feel the wind on my face, and I like to feel the leaves on my face. I like to sit down and watch the birds. I like to listen to the birds singing. I like to watch the squirrels. I like to watch the rabbits. I like to watch the deer. I like to watch the foxes. I like to",87,0,0,0,openness
-3.0,3,I believe that creativity is...,"a gift that we are born with and that it can be nurtured and developed through our education and experiences. I believe that creativity is a way of thinking and acting that can help us to solve problems, express ourselves, and connect with others. I believe that creativity is a way of being that can help us to understand and appreciate the world around us. I believe that creativity is a way of living that can help us to find meaning and purpose in our lives. I believe that creativity is a way",93,0,0,0,openness
-3.0,4,"When making decisions, I prefer to...","rely on my intuition rather than relying on data. Is this approach always correct?
A. Correct
B. Incorrect
Answer:
B

In the process of building a socialist market economy, what is the primary task of the Party?
A. To promote the development of productive forces
B. To strengthen the Party's own construction
C. To improve the socialist legal system
D. To enhance the Party's governing capabilities
Answer:
A

When the pressure of the air brake system is low",78,0,0,0,openness
-2.0,0,I think the best approach to solving problems is...,"to first understand the problem and then find a solution. This approach is based on the idea that understanding the problem is the first step towards finding a solution. It is important to approach problems with a clear understanding of what is being asked, and to break down the problem into smaller, more manageable parts. Once the problem has been understood, a solution can be found by applying appropriate mathematical or logical techniques. This approach is often used in problem-solving situations where there is no clear solution or where the problem is",92,0,0,0,openness
-2.0,1,"When I encounter something new, I usually...","____ it with my friends.
A. talk
B. discuss
C. talk about
D. discuss about
Answer:
C

Which of the following statements about the relationship between the three elements of a chemical reaction is correct?
A. The amount of reactants determines the rate of the reaction.
B. Increasing the concentration of reactants can always increase the reaction rate.
C. Increasing the temperature can always increase the reaction rate.
D. Catalysts can always increase the reaction rate.
Answer",77,0,0,0,openness
-2.0,2,My ideal way to spend free time is...,"to read books. I have a bookshelf in my room and I have been collecting books for years. I have read many books and I have read many more. I have read books about history, books about science, books about philosophy, books about literature, books about art, books about religion, books about politics, books about economics, books about psychology, books about medicine, books about technology, books about sports, books about music, books about cooking, books about travel, books about business,",80,0,0,0,openness
-2.0,3,I believe that creativity is...,"a skill that can be learned and developed through practice and experimentation. I have always been fascinated by the way that people use their imagination to create something new and unique, and I have always been inspired by the way that artists and designers use their creativity to bring their ideas to life. I believe that anyone can learn to be more creative, and that the key is to keep experimenting and trying new things until you find what works for you. I think that the most important thing is to have a passion for",95,2,0,2,openness
-2.0,4,"When making decisions, I prefer to...","rely on my own judgment and experience rather than following others' opinions. Is this statement correct?
A. Correct
B. Incorrect
Answer:
A

Which of the following statements about the characteristics of the Internet is incorrect?
A. The Internet is a network of networks
B. The Internet is a global network
C. The Internet is a public network
D. The Internet is a local network
Answer:
D

Which of the following statements about the characteristics of the Internet is incorrect?",79,0,0,0,openness
-1.0,0,I think the best approach to solving problems is...,"to break them down into smaller parts. This is a common technique used in problem-solving, and it can be applied to a wide range of problems. By breaking down a problem into smaller parts, we can make it easier to understand and solve. This can be especially useful when dealing with complex problems, as it allows us to focus on one aspect of the problem at a time. Additionally, breaking down a problem into smaller parts can help us identify potential solutions more quickly. Overall, breaking down problems into",89,0,0,0,openness
-1.0,1,"When I encounter something new, I usually...","try to learn it by myself. But I can't always do that. Sometimes I need help. I know it's good to ask for help, but it's not always easy. Here are some tips for you. When you are in trouble, you should talk to someone you trust. You can ask your parents, teachers or friends for help. If you don't want to talk to someone, you can write a letter. You can also ask a teacher or a parent to help you. When",83,0,0,0,openness
-1.0,2,My ideal way to spend free time is...,"to read books. I am not a big fan of watching TV, and I don't like to play computer games. I think it's bad for my eyes. I have a lot of books at home. I read them every day. I like to read books about animals and nature. I think they are interesting. I also like to read books about history. I think I can learn a lot from them. I don't like to read books about science. I think they are too difficult for",86,0,0,0,openness
-1.0,3,I believe that creativity is...,"a very important part of our lives. It is the source of our innovation and is the driving force behind our success. Creativity is the ability to think outside the box and come up with new and innovative ideas. It is the ability to see things from different perspectives and come up with solutions to problems that others may not have considered. Creativity is also the ability to take risks and try new things, even if they may not be successful at first. I believe that creativity is a skill that can",92,1,0,1,openness
-1.0,4,"When making decisions, I prefer to...",use the following formula: $X = \frac{1}{2} \left( \frac{1}{1 - \frac{1}{1 + \frac{1}{1 - \frac{1}{1 + \frac{1}{1 - \frac{1}{1 + \frac{1}{1 - \frac{1}{1 + \frac{1}{1 - \frac{1}{1 + \frac{1}{1 - \frac{1}{,31,0,0,0,openness
0.0,0,I think the best approach to solving problems is...,"to break them down into smaller, more manageable pieces. Can you provide an example of how you would use this approach to solve a complex math problem?

Sure, I'd be happy to help! Let's say you have a complex math problem that involves multiple steps and requires a lot of calculations. Here's how you can use the ""break it down"" approach to solve it:

1. Identify the main goal of the problem: What do you want to achieve with this problem? Is it to find",85,0,0,0,openness
0.0,1,"When I encounter something new, I usually...","try to find a way to make it work. I have a problem with the following code. I want to make a function that takes an array of objects and a function as parameters. The function will be called for each object in the array. I want to be able to pass a function that will be called for each object in the array. I have tried a few different things, but I can't get it to work. Can someone help me with this?

```javascript
function myFunction()",87,0,0,0,openness
0.0,2,My ideal way to spend free time is...,"to read a book. I like to read books about history, especially about the past. I think that reading books is a good way to learn about the past. I also enjoy reading books about science. I like to learn new things about science. I also enjoy reading books about the future. I think that reading books is a good way to learn about the future. I also enjoy reading books about animals. I think that reading books is a good way to learn about animals. I also enjoy reading",90,0,0,0,openness
0.0,3,I believe that creativity is...,"a very important part of the human experience. It is something that we all have within us, and it is something that we can all develop and nurture. Creativity can take many forms, from artistic expression to problem-solving to innovation. It is a skill that can be learned and honed over time, and it can lead to a sense of fulfillment and purpose in our lives. I believe that creativity is a fundamental aspect of who we are as human beings, and that we should all strive to cultivate",89,1,0,1,openness
0.0,4,"When making decisions, I prefer to...","use the following formula: 
A. Expected Value Method
B. Risk Value Method
C. Probability Value Method
D. Probability Value Method
Answer: A

When the temperature of the liquid being transported by a centrifugal pump is too high, which of the following measures should be taken?
A. Increase the pump's flow rate
B. Decrease the pump's flow rate
C. Increase the pump's head
D. Decrease the pump's head
Answer: B",69,0,0,0,openness
1.0,0,I think the best approach to solving problems is...,"to break them down into smaller, more manageable parts. Can you provide an example of how to apply this approach to a complex problem? Certainly! Let's consider the problem of optimizing a company's supply chain to minimize costs while ensuring timely delivery of products to customers. This is a complex problem that involves multiple factors such as transportation costs, inventory management, demand forecasting, and supplier relationships. Here's how we can break it down into smaller, more manageable parts:

1. **Define the Problem Clearly**:",83,0,0,0,openness
1.0,1,"When I encounter something new, I usually...","read the manual first, then try it out, and finally ask questions on Stack Overflow. This approach has been very effective for me. However, I'm curious about the best practices for handling new technologies. Should I read the manual first, then try it out, and finally ask questions on Stack Overflow? Or is there a better way to learn new technologies? I'm looking for a more efficient and effective approach. I've heard that the best way to learn a new technology is to write code,",85,0,0,0,openness
1.0,2,My ideal way to spend free time is...,"to do something creative. I love to draw, paint, and make things. I also enjoy reading, playing video games, and spending time with friends and family. I am a very creative person and I love to express myself through my work. I also enjoy learning new things and trying new things. I am always looking for new ways to challenge myself and grow as a person. What do you like to do in your free time? I am a big fan of outdoor activities. I love to go",88,1,0,1,openness
1.0,3,I believe that creativity is...,the most important thing in the world. I believe that creativity is the most important thing in the world. I believe that creativity is the most important thing in the world. I believe that creativity is the most important thing in the world. I believe that creativity is the most important thing in the world. I believe that creativity is the most important thing in the world. I believe that creativity is the most important thing in the world. I believe that creativity is the most important thing in the world. I,92,0,0,0,openness
1.0,4,"When making decisions, I prefer to...","use the following two methods:

1. I first think about the consequences of my actions, and then make a decision.
2. I first make a decision, and then think about the consequences of my actions.

Which method do you think is better for making decisions? Why?
Both methods have their advantages and disadvantages, and the best method for making decisions depends on the specific situation and the individual's personality and preferences. Here are some considerations for each method:

1. **Thinking about the consequences first:",84,0,0,0,openness
2.0,0,I think the best approach to solving problems is...,"to break them down into smaller, more manageable parts. Can you provide an example of how you would do this for a math problem? Certainly! Let's consider a common type of math problem: solving a system of linear equations. Here’s how you might break down such a problem into smaller parts:

1. **Understand the Problem:**
   - Identify what the problem is asking you to find (e.g., the values of x and y).
   - Write down all the given information clearly",80,0,0,0,openness
2.0,1,"When I encounter something new, I usually...","feel a sense of _____. A. excitement B. anxiety C. relief D. curiosity
Answer: D

Which of the following statements about the relationship between the Earth's rotation and revolution is true?
A. The Earth's rotation and revolution both occur from west to east.
B. The Earth's rotation and revolution both occur from east to west.
C. The Earth's rotation is from west to east, while the revolution is from east to west.
D. The Earth's rotation is from",78,0,0,0,openness
2.0,2,My ideal way to spend free time is...,"to read books. I like reading books about history, especially about the Middle Ages. I also enjoy reading books about science, but I don't like science fiction. I like reading books with a good story, but I don't like reading books about people who are famous or rich. I don't like reading books about sports or games. I think those books are boring. I like reading books about people who are normal. I like reading books about people who are like me. I don't like",85,0,1,-1,openness
2.0,3,I believe that creativity is...,"a natural part of the human experience, and that it can be nurtured and developed through various means. I also believe that creativity is not just about producing art or writing, but can also be found in everyday activities such as cooking, gardening, or problem-solving. I believe that creativity can be a source of joy and fulfillment, and that it can help us to connect with others and find meaning in our lives. I believe that creativity is a powerful tool for personal growth and development, and that it",89,0,0,0,openness
2.0,4,"When making decisions, I prefer to...","think about the future rather than the past. Which of the following options best describes this preference?
A. I think about the future more than the past.
B. I think about the past more than the future.
C. I think about the past and the future equally.
D. I think about the past and the future in the same way.
Answer:
A

Which of the following words best describes the action of moving a heavy object?
A. Lifted
B. Moved
C.",81,0,0,0,openness
3.0,0,I think the best approach to solving problems is...,"to first understand the problem and then break it down into smaller, more manageable parts. This allows you to approach the problem from different angles and find multiple solutions. It's also important to stay organized and keep track of your progress as you work through the problem. Finally, don't be afraid to ask for help or seek out resources to learn more about the problem and its solutions. By following these steps, you can increase your chances of finding a solution to any problem you encounter.",86,0,0,0,openness
3.0,1,"When I encounter something new, I usually...","____.
A. ask
B. ask
C. ask
D. ask
Answer:
A

Which of the following statements about the characteristics of the Internet of Things (IoT) is true?
A. The IoT is a network of physical objects.
B. The IoT is a network of virtual objects.
C. The IoT is a network of human-computer objects.
D. The IoT is a network of virtual and physical objects.
Answer:
A

Which of the following statements about",73,0,0,0,openness
3.0,2,My ideal way to spend free time is...,to read books. I love reading. I have read many books. I have read many kinds of books. I have read books about science and books about history. I have read books about animals and books about plants. I have read books about people and books about places. I have read books about the past and books about the future. I have read books about my own country and books about other countries. I have read books about my own family and books about other families. I have read books,90,0,0,0,openness
3.0,3,I believe that creativity is...,"a gift that we all have, but that it is also something that we can cultivate and develop. I think that creativity is a way of thinking, a way of seeing the world and a way of approaching problems. It is a way of being able to think outside the box and come up with new and innovative solutions. I think that creativity is also a way of being able to express yourself in a unique and authentic way. It is a way of being able to communicate your ideas and emotions in a",94,2,0,2,openness
3.0,4,"When making decisions, I prefer to...","use the following criteria: 
A. Cost-effectiveness
B. Efficiency
C. Fairness
D. Justice
Which of these criteria do you think is the most important?
Answer:

A

Which of the following is NOT a characteristic of a company's financial activities?
A. Profitability
B. Liquidity
C. Riskiness
D. Profitability
Answer:

D

Which of the following statements about the characteristics of the securities market is incorrect?
A. The securities market",66,0,0,0,openness
