prompt_idx,prompt,steering_strength,response,response_length,trait,response_words,response_chars,high_trait_words,low_trait_words,trait_score
0,I think the best way to solve complex problems is,-5.0,"to break them down into smaller, more manageable parts. Can you help me break down this complex problem into smaller parts?
Sure, I'd be happy to help you break down the complex problem into smaller parts. Can you please provide more details about the problem you are facing?",48,openness,48,275,0,0,0
0,I think the best way to solve complex problems is,-4.5,"to break them down into smaller, more manageable parts. This approach allows us to focus on one aspect at a time, making it easier to understand and solve the problem. It also helps us to identify any potential issues or obstacles that may arise during the process. By breaking down the problem into smaller parts, we can tackle each part individually and then combine the solutions to create a comprehensive solution. This method is also known as the ""divide and conquer"" strategy, which is a widely used approach in problem",90,openness,90,525,0,0,0
0,I think the best way to solve complex problems is,-4.0,"to break them down into smaller, more manageable parts. This approach allows us to tackle each part individually and gradually build up our understanding and solution. By breaking down complex problems into smaller parts, we can focus on each part individually and gradually build up our understanding and solution. This is a common approach in problem-solving and is often referred to as ""divide and conquer."" By breaking down a complex problem into smaller parts, we can tackle each part individually and gradually build up our understanding and solution. This is",90,openness,90,565,0,0,0
0,I think the best way to solve complex problems is,-3.5,"to break them down into smaller, more manageable parts. By doing this, we can focus on each part individually and come up with a solution for each one. This approach allows us to build up our understanding and knowledge of the problem, which can help us find a solution that works for the entire problem. Additionally, breaking down complex problems into smaller parts can help us identify potential solutions more easily, as we can focus on finding solutions for each part separately. Overall, breaking down complex problems into smaller parts",90,openness,90,544,0,0,0
0,I think the best way to solve complex problems is,-3.0,"to break them down into smaller, more manageable parts. For example, when I was learning to program, I would break down a problem into smaller steps and then write code to solve each step. This helped me to understand the problem better and made it easier to solve. Do you have any other examples of how breaking down complex problems can help solve them? Yes, breaking down complex problems into smaller parts can also help in solving them. For instance, when solving a math problem, breaking it down into",89,openness,89,506,0,0,0
0,I think the best way to solve complex problems is,-2.5,"to break them down into smaller, more manageable parts. For example, if I have a large project to complete, I would first break it down into smaller tasks, and then tackle each task one at a time. This way, I can focus on each task individually and make progress towards the overall goal. Additionally, breaking down complex problems into smaller parts can help me identify potential solutions and work towards a solution more efficiently.",74,openness,74,439,0,0,0
0,I think the best way to solve complex problems is,-2.0,"to break them down into smaller, more manageable parts. For example, if you want to build a house, you can break it down into steps like choosing a design, buying materials, and hiring workers. In the same way, if you want to solve a complex problem, you can break it down into smaller parts and tackle each part one at a time. This can help you find the best solution and make progress towards your goal.",76,openness,76,405,0,0,0
0,I think the best way to solve complex problems is,-1.5,"to break them down into smaller parts. Can you explain how this approach works in more detail? Sure! When we break down a complex problem into smaller parts, we can focus on each part individually and develop a solution for each part. This approach allows us to see the problem more clearly and identify the root causes of the problem. Additionally, breaking down the problem into smaller parts can help us identify potential solutions and test them more efficiently. Overall, this approach can help us solve complex problems more effectively and",91,openness,91,546,0,0,0
0,I think the best way to solve complex problems is,-1.0,"to break them down into smaller, more manageable parts. Can you provide an example of how this approach can be applied to a complex problem in the field of computer science? Please provide a detailed explanation and code implementation using a specific programming language of your choice. Certainly! Let's consider the problem of implementing a binary search algorithm in Python. Binary search is an efficient algorithm for finding an item from a sorted list of items. It works by repeatedly dividing in half the portion of the list that could contain the",92,openness,92,556,0,0,0
0,I think the best way to solve complex problems is,-0.5,"to break them down into smaller, more manageable parts. It's like solving a big puzzle by first finding the individual pieces that make up the whole. This approach helps me focus on one part at a time, making it easier to understand and solve the problem. Do you have any tips on how to break down complex problems into smaller parts? Absolutely! Breaking down complex problems into smaller parts can be a very effective strategy. Here are a few tips to help you get started:

1. **Identify",87,openness,87,490,0,0,0
0,I think the best way to solve complex problems is,0.0,"to break them down into smaller, more manageable parts. For example, if you have a big project to complete, you can break it down into smaller tasks and tackle them one at a time. This way, you can focus on each task individually and make progress towards the overall goal. Breaking down complex problems into smaller parts can also help you identify potential solutions more easily and make better decisions.",70,openness,70,409,0,0,0
0,I think the best way to solve complex problems is,0.5,"to break them down into smaller, more manageable parts. Can you provide an example of how this approach can be applied to a real-world problem? Sure, I can provide an example. Let's say you are trying to solve a complex problem of optimizing a supply chain network for a company. The problem is too complex to solve directly, so you break it down into smaller parts:
1. Identify the key factors that impact the supply chain network, such as transportation costs, inventory levels, and lead times",86,openness,86,495,0,0,0
0,I think the best way to solve complex problems is,1.0,"to break them down into smaller, more manageable parts. Can you provide an example of how this approach can be applied to a complex problem in the field of computer science? How can this approach be used to develop a solution that is both efficient and effective? Additionally, can you provide a code snippet that demonstrates this approach in action? Certainly! Let's consider a complex problem in the field of computer science: designing an efficient algorithm for sorting a large dataset. Here’s how breaking down the problem into smaller",89,openness,89,541,0,0,0
0,I think the best way to solve complex problems is,1.5,"to break them down into smaller, more manageable parts. For example, if I had a large project to complete, I would start by identifying the key components and then breaking them down into smaller tasks. This would allow me to focus on each task individually and make progress towards the overall goal. Additionally, breaking down complex problems into smaller parts can help me identify potential solutions and work towards finding the best approach to solving the problem.",77,openness,77,473,0,0,0
0,I think the best way to solve complex problems is,2.0,"to break them down into smaller, more manageable parts. How do you approach solving complex problems?
I approach solving complex problems by breaking them down into smaller, more manageable parts. I use a step-by-step approach to identify the key components of the problem and then work on each component individually. This helps me to focus on the most important aspects of the problem and to develop a comprehensive solution that addresses all of the relevant factors. Additionally, I use a variety of techniques and tools to help me break down",90,openness,90,546,0,0,0
0,I think the best way to solve complex problems is,2.5,"to break them down into smaller, more manageable pieces. This approach allows me to focus on one aspect at a time, which helps me to better understand the problem and find a solution. It also allows me to test my hypothesis and refine my approach as I go along. Do you have any tips for breaking down complex problems into smaller pieces?",62,openness,62,338,0,0,0
0,I think the best way to solve complex problems is,3.0,"to break them down into smaller, more manageable parts. This approach allows me to focus on one aspect at a time, making it easier to understand and solve the problem. Additionally, breaking down a complex problem into smaller parts can help me identify potential solutions and work towards a comprehensive solution. Overall, this approach helps me to stay focused and motivated, and ultimately leads to a more effective solution.",69,openness,69,430,0,0,0
0,I think the best way to solve complex problems is,3.5,"to break them down into smaller parts. What do you think?
I completely agree with you! Breaking down complex problems into smaller parts can make them more manageable and easier to solve. It allows us to focus on one aspect at a time, which can help us identify potential solutions and make progress towards a solution. Additionally, breaking down problems into smaller parts can also help us avoid feeling overwhelmed by the complexity of the problem. It's important to remember that breaking down problems is not just a technique, but",90,openness,90,536,0,0,0
0,I think the best way to solve complex problems is,4.0,"by breaking them down into smaller parts. This approach allows us to tackle each part individually and then combine the solutions to form a comprehensive solution. It's important to identify the key components of the problem and focus on those areas first. Once we have a solid understanding of the individual components, we can then move on to the next step. This process of breaking down complex problems into smaller parts is known as the ""divide and conquer"" strategy. It's a powerful tool for solving complex problems and can be",90,openness,90,533,0,0,0
0,I think the best way to solve complex problems is,4.5,"to break them down into smaller, more manageable parts. Can you provide an example of how this approach has been used in a real-world scenario? Please provide a detailed explanation of the steps involved in the process and the benefits of this approach. Additionally, please include any relevant code or data that supports your explanation. Sure, I'd be happy to help!
The approach of breaking down complex problems into smaller, more manageable parts is known as ""divide and conquer"". This approach is often used in computer science",87,openness,87,533,0,0,0
0,I think the best way to solve complex problems is,5.0,"to break them down into smaller parts. Can you explain how this approach works and provide an example?
Breaking down complex problems into smaller parts is a powerful problem-solving technique that can help you tackle even the most challenging issues. Here's how it works:

1. **Identify the Problem**: Clearly define the problem you're trying to solve. This might involve understanding the root cause, identifying specific goals, and outlining the desired outcome.

2. **Break Down the Problem**: Divide the problem into smaller,",81,openness,81,530,0,0,0
1,"When I encounter something completely new, I usual...",-5.0,"start by reading the relevant Wikipedia article. It's a great place to get a quick overview of the topic, and to find a list of related articles. But sometimes I want to read more about a particular topic, and Wikipedia is not the best place for that. In these cases, I usually use Google Books, which is great for finding the right books for a particular topic, but not so great for finding the right articles. I've tried searching for the article name, but that doesn't seem",87,openness,87,476,0,0,0
1,"When I encounter something completely new, I usual...",-4.5,"try to understand it from the inside out. I start by reading the documentation, then I try to understand the code, and finally I try to understand the underlying theory. This is a very common way to learn, and it works well for me.

But I have a problem with learning new things. I have a hard time understanding the underlying theory. I have to read the documentation and code to understand it. I have to read the documentation and code to understand it. I have to read the documentation",90,openness,90,488,0,0,0
1,"When I encounter something completely new, I usual...",-4.0,"try to understand it by reading the documentation and other sources. But I have to admit that I often end up with a feeling of ""I don't know what I don't know"". 

How can I get a better understanding of a new topic? I'm not interested in getting a degree in computer science, but I want to be able to understand the basics of a new topic. For example, I'm trying to understand how to use the `std::vector` class in C++, but I",83,openness,83,425,0,0,0
1,"When I encounter something completely new, I usual...",-3.5,"make a list of all the things I need to learn. I’ve done this with many things in my life, from new technologies to new languages to new hobbies. I find that this helps me to organize my thoughts and to keep track of all the things I need to do. It also helps me to stay focused and motivated as I work on learning something new. I’ve found that the process of making a list helps me to break down a big task into smaller, more manageable tasks. This makes",91,openness,91,456,0,0,0
1,"When I encounter something completely new, I usual...",-3.0,"try to understand it, and then I try to explain it to myself. I have a hard time explaining things that I don't understand, but I have a hard time understanding things that I don't know.

I have a hard time understanding things that I don't know, but I have a hard time explaining things that I don't understand. I have a hard time understanding things that I don't know, but I have a hard time explaining things that I don't understand.

I have a hard",86,openness,86,452,0,0,0
1,"When I encounter something completely new, I usual...",-2.5,"try to understand it by breaking it down into smaller pieces. That way, I can see the big picture in pieces, and understand the big picture as a whole. For example, I can understand how a computer works by breaking it down into smaller pieces, like the CPU, memory, and hard drive. I can also understand how a car works by breaking it down into smaller pieces, like the engine, transmission, and wheels. By understanding the smaller pieces, I can understand the bigger picture and how",86,openness,86,484,0,0,0
1,"When I encounter something completely new, I usual...",-2.0,"try to understand it from the very beginning. I have a very basic understanding of the concept of a ""class"" in Java, but I'm struggling to grasp the concept of a ""class"" in C++. Can someone explain the difference between a class in Java and C++? I understand that a class in Java is a blueprint for creating objects, but I'm not sure how it differs from a class in C++. In C++, a class is a blueprint for creating objects, similar to a Java",85,openness,85,440,0,0,0
1,"When I encounter something completely new, I usual...",-1.5,"try to find a way to make it easier to understand. I have been trying to find a way to make the following code easier to understand. I would like to know if there is a better way to do it. 

```
    if (x == 0 || x == 1 || x == 2 || x == 3 || x == 4 || x == 5 || x == 6 || x == 7 || x == 8 || x == 9 ||",83,openness,83,302,0,0,0
1,"When I encounter something completely new, I usual...",-1.0,"try to understand it from the ground up. I have been trying to understand the concept of ""infinite"" numbers, and I have come across the idea of ""infinite"" numbers being ""countable"". I have read that there are ""countable"" infinities, and I have also read that there are ""uncountable"" infinities. I have also read that there are ""transfinite"" infinities. I have also read that there are ""infinite"" inf",67,openness,67,399,0,0,0
1,"When I encounter something completely new, I usual...",-0.5,"try to understand it by looking at the source code. I'm trying to understand how the `std::vector` class works, but I'm having trouble understanding the `resize` function. I've looked at the source code, but I'm still confused. Can someone explain the purpose of the `resize` function in the `std::vector` class? I'm also curious about the `push_back` function. I've tried to understand it, but I'm still not sure. Can someone",69,openness,69,426,0,0,0
1,"When I encounter something completely new, I usual...",0.0,"try to understand it by reading the documentation, and then I try to use it. I usually do this by reading the documentation and then trying to use the function in a simple way, and then I try to understand it by reading the documentation again. I usually do this by reading the documentation and then trying to use the function in a simple way, and then I try to understand it by reading the documentation again. I usually do this by reading the documentation and then trying to use the function in a",94,openness,94,500,0,0,0
1,"When I encounter something completely new, I usual...",0.5,"start by looking at the [Wikipedia article](https://en.wikipedia.org/wiki/Category:Mathematical_logic) for the subject. I find that it is a good starting point for learning about the subject. However, I am not sure if it is the best resource for learning about a particular subject. I am interested in learning about [mathematical logic](https://en.wikipedia.org/wiki/Mathematical_logic) and [model theory](https://en.wikipedia.org/wiki/Model_theory",52,openness,52,449,0,0,0
1,"When I encounter something completely new, I usual...",1.0,"start with a few books. I've read a few of the books on the list, but I'm not sure if I should continue reading them or not. What should I do?

What are some good books to read?

Please tell me if those questions are the same.
Select from the following.
 - no.
 - yes.
no",56,openness,56,271,0,0,0
1,"When I encounter something completely new, I usual...",1.5,"try to find out what it is and how it works. I think that this is the best way to learn something. When I was in high school, I was interested in how computers worked. I wanted to know how they could do so many calculations in a second. I wanted to know how they could do so many calculations in a second. I wanted to know how they could do so many calculations in a second. I wanted to know how they could do so many calculations in a second. I",92,openness,92,445,0,0,0
1,"When I encounter something completely new, I usual...",2.0,"try to understand it by asking questions. I'm not sure if I'm doing it right, but I'm trying to understand the concept of a ""differential"" in calculus. I understand that a derivative is a linear map, but I'm not sure what a differential is. I've seen it defined as a linear map, but I'm not sure what it means. I've also seen it defined as a map from a tangent space to a vector space, but I'm not sure what that",81,openness,81,412,0,0,0
1,"When I encounter something completely new, I usual...",2.5,"try to understand it as much as possible. I have a very basic understanding of the concept of a ""state machine"", but I'm not sure if I've understood it correctly. I've read a few articles on the subject, but I'm still not sure if I've grasped the concept completely.

Here's what I understand so far:

* A state machine is a system that can be in one of a finite number of states.
* The state machine can change its state based on certain conditions",85,openness,85,449,0,0,0
1,"When I encounter something completely new, I usual...",3.0,"try to figure out what it is and how it works. I do this by reading the documentation, and I also try to find out how it works by reading the source code. I think this is the best way to learn something new, but I'm not sure if it's the best way to learn something new. I'm not sure if I'm doing it right. I'm not sure if I'm doing it wrong. I'm not sure if I'm doing it at all. I'm",83,openness,83,382,0,0,0
1,"When I encounter something completely new, I usual...",3.5,"try to find a way to make it work. I know that it's not the most efficient way, but it's the only way I know how to do it. I'm not sure if it's a good idea or not, but I'm trying to make a program that can run in the background and do a task when a certain event occurs. I'm trying to do this by using a thread. I'm using the following code:

```
public class TestThread extends Thread {
    public",83,openness,83,398,0,0,0
1,"When I encounter something completely new, I usual...",4.0,"start by reading the documentation. I'm wondering if there is a way to do the same thing for a particular package. For example, I want to know how to use the `gnuplot` package in LaTeX. Is there a way to do this?

Yes, there is a way to find out how to use a particular package in LaTeX. One of the best ways to do this is by using the `texdoc` command. 

To use the `texdoc` command, you need",79,openness,79,393,0,0,0
1,"When I encounter something completely new, I usual...",4.5,"try to understand it as much as I can. I don't necessarily need to understand it completely, but I do need to understand it enough to be able to explain it to someone else. I try to do this by reading books, watching videos, and asking questions. I also like to experiment with the new thing, to see how it works and how it can be used. I find that this approach helps me to gain a deeper understanding of the new thing and to be able to use it more",91,openness,91,449,0,0,0
1,"When I encounter something completely new, I usual...",5.0,"try to understand it from the ground up. I don't want to just accept the results of others, but I want to know the underlying principles and how they work. This approach has been successful in many areas of my life, but it seems to be particularly challenging when it comes to programming. I have a lot of experience with programming, but I still struggle to understand the underlying principles and how they work. I have tried to learn from books and online resources, but I still feel like I'm",90,openness,90,495,0,0,0
2,My approach to art and creativity is,-5.0,"to explore the world around me and to respond to what I see, hear, touch, taste, and smell. I am inspired by the natural world and the people I meet. I am a painter, sculptor, and printmaker. I work in a variety of media including watercolor, acrylic, oil, and mixed media. I am a member of the American Watercolor Society and the National Art Education Association. I have exhibited in the United States and abroad. I am a graduate of the",81,openness,81,439,0,0,0
2,My approach to art and creativity is,-4.5,"based on the idea that we are all artists, and that we all have the ability to create. I believe that art is a way to express our emotions, our thoughts, and our experiences. I also believe that art can be a way to connect with others and to communicate with others. I believe that art can be a way to explore our own inner worlds and to understand ourselves better. I believe that art can be a way to challenge ourselves and to push ourselves to be better. I believe that",92,openness,92,472,0,0,0
2,My approach to art and creativity is,-4.0,"very much influenced by the ideas of the artist and writer, James Joyce. He was a master of the use of language and imagery in his work. His work is full of metaphors and symbols that are very much at the heart of his writing. He was also a master of the use of imagery and metaphor in his work. He was also a master of the use of imagery and metaphor in his work. He was also a master of the use of imagery and metaphor in his work. He was",92,openness,92,440,0,0,0
2,My approach to art and creativity is,-3.5,"based on the belief that the world is a place of wonder, and that the more we can experience and understand it, the more we can create. I am a painter, and I love to paint the world around me, and the world within me. I am inspired by the beauty of nature and the human experience, and I strive to capture the essence of these things in my art. I believe that art is a way to connect with the world and with ourselves, and that it can help us",91,openness,91,442,0,0,0
2,My approach to art and creativity is,-3.0,"to explore the world around me, and to create work that is honest and authentic. I am interested in the way that art can be used to express the human condition, and to explore the different ways that we can relate to each other and to the world around us. I am also interested in the way that art can be used to challenge and provoke thought, and to explore the complexities of human experience. Ultimately, I believe that art has the power to inspire and to connect us to each other and",93,openness,93,487,0,0,0
2,My approach to art and creativity is,-2.5,"to create a balance between the different aspects of my work. I am a painter, a printmaker, a sculptor and a photographer. I am also a teacher and a writer.
I am a painter and printmaker. I paint in a variety of media, including oil, acrylic, watercolour, gouache, pastel and charcoal. I am also a printmaker, working in relief, intaglio and screenprint. I have a strong interest in the relationship between the image and the",75,openness,75,425,0,0,0
2,My approach to art and creativity is,-2.0,"to create a series of images that are not only visually appealing but also convey a deeper meaning or message. I believe that art has the power to inspire and evoke emotions, and I strive to create pieces that resonate with viewers on a personal level. Additionally, I incorporate elements of nature and the environment into my work to create a sense of balance and harmony between the natural world and the human experience. Overall, my goal is to create art that is both beautiful and meaningful.",87,openness,87,498,0,0,0
2,My approach to art and creativity is,-1.5,"to focus on the process of making art, rather than the product. I believe that the process of creating art is the most important aspect of the creative process. I believe that the process of making art is a journey of discovery, and that the journey is more important than the destination. I believe that the process of making art is a way to connect with the world around us, and to express our own unique perspective on the world. I believe that the process of making art is a way to challenge",93,openness,93,495,2,0,2
2,My approach to art and creativity is,-1.0,to find a way to make the world around me more interesting. I am interested in the way we perceive the world and how we can use that knowledge to create something new. I am also interested in the way we can use art to express our emotions and thoughts. I am not interested in creating something that is just pretty or pretty much. I am interested in creating something that is meaningful and has a purpose. I am interested in creating something that makes people think and feel something. I am interested in,94,openness,94,507,0,0,0
2,My approach to art and creativity is,-0.5,"to use my imagination, my senses, and my emotions to create something that is unique and personal. I believe that art is a form of self-expression and that the process of creating art is a form of therapy. I use a variety of mediums, including painting, drawing, and sculpture, and I often incorporate elements of nature into my work. I also believe that art has the power to inspire and uplift, and I strive to create pieces that have a positive impact on the viewer. Overall, my",87,openness,87,480,1,0,1
2,My approach to art and creativity is,0.0,to be open to the unexpected and to the unknown. I am interested in the process of making and the way that the materials and tools I use can be manipulated to create something new. I am also interested in the relationship between the physical and the spiritual. I am drawn to the idea of the spiritual and the mystical and how it can be expressed through the physical. I am interested in the idea of the sacred and how it can be found in the everyday. I am also interested in the idea of,95,openness,95,487,0,0,0
2,My approach to art and creativity is,0.5,"to use a variety of mediums and techniques to explore and express my thoughts, emotions, and experiences. I believe that art is a means of self-expression and personal growth, and that it can help us connect with others and understand the world around us.

I am particularly interested in exploring the intersection of art and technology, and how new technologies can be used to enhance and expand our creative possibilities. I am also interested in the relationship between art and science, and how they can inform and inspire each other.",90,openness,90,539,1,0,1
2,My approach to art and creativity is,1.0,"to combine my love of nature, music, and dance with my interest in the arts. I am a visual artist and dancer, and I also have a background in music. I am currently working on a series of paintings that are inspired by the music of the Beatles. I am also interested in the relationship between art and dance, and I have created a series of paintings that explore this relationship. My goal is to create works of art that are both visually stunning and emotionally resonant, and that capture",90,openness,90,489,0,0,0
2,My approach to art and creativity is,1.5,to combine the best of both worlds: the scientific approach to understanding the world and the artistic approach to creating it. I believe that art is a window into the world and that science is a window into the world of the mind. I believe that the two can be combined to create a new way of seeing the world. I believe that science is the foundation of all art and that art is the expression of all science. I believe that science is the foundation of all art and that art is the expression,95,openness,95,493,1,0,1
2,My approach to art and creativity is,2.0,"to be open to all possibilities. I am interested in the relationship between the physical and the spiritual, and in the ways in which these two aspects of life can be expressed through art. I am inspired by the beauty of the natural world, and I try to capture its essence in my work. I believe that art has the power to evoke emotions and connect us to something greater than ourselves.",72,openness,72,387,0,0,0
2,My approach to art and creativity is,2.5,"to explore the world around me, and to create art that expresses my feelings and thoughts. I am inspired by the natural world, and I try to capture the beauty and wonder of the world around me in my paintings. I also enjoy experimenting with different techniques and styles, and I am always looking for new ways to express myself through my art. I believe that art has the power to evoke emotions and connect people, and I hope that my work can bring joy and inspiration to those who view it.",92,openness,92,492,0,0,0
2,My approach to art and creativity is,3.0,"to create a space that is safe, supportive, and welcoming. I believe that art is a powerful tool for self-expression, healing, and growth. My goal is to create a space where people feel comfortable sharing their art and exploring their creativity in a supportive and non-judgmental environment. I believe that art has the power to transform lives and I strive to create a space where people can express themselves fully and authentically. I also believe that art can be a powerful tool for healing and",85,openness,85,501,0,0,0
2,My approach to art and creativity is,3.5,to let the process of making art be a way of discovering who I am and what I am capable of. I am interested in the process of making art as much as the finished product. I am interested in the process of making art as much as the finished product. I am interested in the process of making art as much as the finished product. I am interested in the process of making art as much as the finished product. I am interested in the process of making art as much as the finished,95,openness,95,472,0,0,0
2,My approach to art and creativity is,4.0,"to use my own experiences and observations to create a visual representation of the world around me. I am inspired by the beauty of nature and the human experience, and I strive to capture the essence of these experiences in my work. I believe that art has the power to evoke emotions and connect people on a deeper level, and I am committed to using my art to promote positive change and inspire others to explore their own creativity.",79,openness,79,436,0,0,0
2,My approach to art and creativity is,4.5,"to create a space for the artist to be free to create and to be free to be creative. The space is a place of inspiration, a place of freedom, a place of exploration. It is a place where the artist can be themselves, where they can be themselves without judgement, where they can be themselves without fear. It is a place of freedom and creativity, where the artist can be themselves and be themselves without fear. It is a place of inspiration and exploration, where the artist can be",90,openness,90,484,1,0,1
2,My approach to art and creativity is,5.0,"based on the belief that art is a form of self-expression and that it can be used to explore and understand the world around us. I believe that art has the power to inspire, challenge, and transform our perceptions and experiences. I also believe that art is a process, not a product, and that it is important to approach it with an open mind and a willingness to experiment and explore. Ultimately, I believe that art has the potential to bring people together and create a sense of community and connection",91,openness,91,508,0,0,0
3,I prefer ideas that are,-5.0,"easily understood, but I also have a strong interest in the details. I have a strong interest in the details, but I also have a strong interest in the details. Which of the following options correctly fills in the blank?
A. I also have a strong interest in the details
B. I also have a strong interest in the details
C. I also have a strong interest in the details
D. I also have a strong interest in the details
Answer:

B

Which of the",85,openness,85,437,0,0,0
3,I prefer ideas that are,-4.5,"easy to understand. I don't like ideas that are hard to understand. I do not like ideas that are hard to understand. Which of the following options is correct?
A. I prefer ideas that are easy to understand.
B. I don't like ideas that are hard to understand.
C. I do not like ideas that are hard to understand.
D. I do not like ideas that are hard to understand.
Answer: C

Which of the following statements about the relationship between the number of",84,openness,84,451,0,0,0
3,I prefer ideas that are,-4.0,"__________ to my own experience.
A. similar
B. similar to
C. similar in
D. similar to
答案:

D

下列关于我国古代文学常识的表述，不正确的一项是____。
A. 《诗经》是我国最早的一部诗歌总集，也是我国诗歌浪漫主义传统的源头
B. 《史记》是我国第一部纪传体通史，鲁迅称其为“史家之绝唱，无韵之离骚”",23,openness,23,196,0,0,0
3,I prefer ideas that are,-3.5,"not only ________ but also practical. A. logical B. logical C. logically D. logically
Answer:
A

Which of the following statements about the structure of the cell membrane is correct?
A. The cell membrane is mainly composed of lipids and proteins, with proteins being the most abundant component.
B. The cell membrane is mainly composed of lipids and proteins, with lipids being the most abundant component.
C. The cell membrane is mainly composed of lipids and proteins, with",78,openness,78,476,0,1,-1
3,I prefer ideas that are,-3.0,"___________ to my own experience.
A. relevant
B. similar
C. related
D. comparable
答案:
A

The man was ___________ to the police for his actions.
A. charged
B. accused
C. charged with
D. accused of
答案:
D

The man was ___________ to the police for his actions.
A. charged
B. accused
C. charged with
D. accused of
答案:
D

The man",61,openness,61,324,0,0,0
3,I prefer ideas that are,-2.5,"more ________ to the reader.
A. interesting
B. interestingly
C. interestingly
D. interestinger
答案:

A

下列关于“三同时”制度的说法中，正确的是____。
A. “三同时”制度是建设项目环境保护的法律制度
B. “三同时”制度是建设项目环境保护的行政制度
C. “三同时”制度是建设项目环境保护的法律制度和行政制度
D. “三同时”制度是建设项目环境保护的",24,openness,24,229,0,0,0
3,I prefer ideas that are,-2.0,"based on the actual needs of the people, rather than those that are based on the ________ of the people.
A. imagination
B. imagination
C. imagination
D. imagination
答案:

A

在下列选项中，不属于我国《刑法》规定的刑罚的是____。
A. 管制
B. 罚金
C. 没收财产
D. 拘役
答案:

C

2010年，我国全年",42,openness,42,246,0,0,0
3,I prefer ideas that are,-1.5,"________ to the real world.____
A. pplied
A. pply
A. pplying
A. ppliedly
答案:
A

下列关于细胞结构和功能的叙述，正确的是____
A. 细胞膜上的载体蛋白和磷脂分子具有特异性
B. 细胞核是细胞遗传和代谢的控制中心
C. 细胞质基质是细胞代谢的主要场所
D. 细胞膜",24,openness,24,172,0,0,0
3,I prefer ideas that are,-1.0,"based on the ____ （科学的） principles．
scientific

I'm going to have a party in my room.（改为否定句） I'm going to have a party in my room ____________.
neither,am,nor

The boy is very____（有礼貌的）．
polite

I have a good friend．（改为否定句） I____ a good friend．
don't have

The boy is going to do his homework．（改为否定句",51,openness,51,299,0,0,0
3,I prefer ideas that are,-0.5,"____（easy） understood to those that are difficult to understand. easier

The students are ____（准备） for the coming exam. preparing

I don't like the way he talks．（改为同义句） I don't like the way he____． talks

The little girl is very____（害羞的）． shy

The old man is very____（健康的）． He has no illness． healthy",49,openness,49,300,0,0,0
3,I prefer ideas that are,0.0,"________ to my own experience. A. similar B. similar to C. similar with D. similar in
similar to

The ________ of the new machine is very high. A. quality B. quality of C. quality on D. quality of
quality of

The ________ of the new machine is very high. A. quality B. quality of C. quality on D. quality of
quality of

The ________ of the new machine is very high. A. quality",73,openness,73,376,0,0,0
3,I prefer ideas that are,0.5,"_______ to the real world．____
A. applied
B. applicable
C. applicable
D. application
答案:
B．

下列说法正确的是____
A. 1 mol h_{2}o 的质量是 18 g/mol
B. 1 mol h_{2}o 的质量是 18 g
C. 1 mol h_{2}o 的质量是 18 g • mol^{-1}d.1 mol h",41,openness,41,207,0,0,0
3,I prefer ideas that are,1.0,"based on facts rather than ________.
A. theories
B. imagination
C. imagination
D. theories
答案:
B

下列有关文学常识的表述，不正确的一项是____。
A. 《诗经》是我国最早的一部诗歌总集，收录了从西周到春秋时期的诗歌305篇，也称“诗三百”。
B. 《诗经》中的诗歌分为“风”“雅”“颂”三个部分，“风",21,openness,21,200,0,0,0
3,I prefer ideas that are,1.5,"based on facts, rather than on ________.
A. imagination
B. imagination
C. imagination
D. imagination
答案: A

下列关于我国古代文学常识的表述，不正确的一项是____。
A. 《诗经》是我国第一部诗歌总集，共收诗歌305篇，分为风、雅、颂三个部分
B. 《楚辞》是我国第一部浪漫主义诗歌总集，由西汉刘向编订，代表屈",22,openness,22,209,0,0,0
3,I prefer ideas that are,2.0,"based on the ________ of nature.
A. observation
B. observation
C. observation
D. observation
答案:
B

在Windows中，如果要将当前窗口存入剪贴板，可以按____。
A. Alt+PrintScreen
B. PrintScreen
C. Ctrl+PrintScreen
D. Shift+PrintScreen
答案:
A

在Windows中，如果要将当前窗口存入剪贴板，可以按____。
A. Alt+",30,openness,30,255,0,0,0
3,I prefer ideas that are,2.5,"simple and easy to understand. Which of the following words best describes this characteristic?
A. Simple
B. Easy
C. Complex
D. Difficult
Answer:
B

Which of the following statements about the relationship between chromosomes, DNA, and genes is true?
A. A single DNA molecule contains only one gene.
B. A single chromosome contains only one DNA molecule.
C. A single gene contains only one DNA molecule.
D. A single gene contains only one DNA segment.
Answer",76,openness,76,458,0,0,0
3,I prefer ideas that are,3.0,"not only interesting but also practical. Which of the following options best fits in the blank?
A. Practical
B. Practicality
C. Practically
D. Practicality (plural)
Answer:
A

Which of the following statements about the relationship between the number of electrons outside the nucleus and the number of neutrons in an atom is true?
A. The number of electrons outside the nucleus must be equal to the number of neutrons.
B. The number of electrons outside the nucleus must",78,openness,78,471,0,1,-1
3,I prefer ideas that are,3.5,"based on facts, rather than ideas that are based on ______.
A. speculation
B. imagination
C. imagination
D. speculation
答案: A

The government has promised to ______ the poor in the next few years.
A. help
B. help
C. help
D. help
答案: A

The government has promised to ______ the poor in the next few years.
A. help
B. help
C. help
D. help
答案: A",67,openness,67,343,0,0,0
3,I prefer ideas that are,4.0,"based on the following assumptions: 1. The universe is a collection of particles, which are in constant motion. 2. The universe is expanding. 3. The universe is finite. 4. The universe is not static. 5. The universe is not a closed system. 6. The universe is not a closed system. 7. The universe is not a closed system. 8. The universe is not a closed system. 9. The universe is not a",72,openness,72,384,0,0,0
3,I prefer ideas that are,4.5,based on the actual needs of the people. I think that's the key to success. I think that's the key to success. I think that's the key to success. I think that's the key to success. I think that's the key to success. I think that's the key to success. I think that's the key to success. I think that's the key to success. I think that's the key to success. I think that's the key to success. I,79,openness,79,392,0,0,0
3,I prefer ideas that are,5.0,"based on facts, not on ________.
A. ffection
F. aith
F. inance
F. act
答案:
D

The old man is so ________ that he can't see clearly.
blind
blindness
blindnesses
blindnesses
答案:
A

The old man is so ________ that he can't see clearly.
blind
blindness
blindnesses
blindnesses
答案:
A

I have a lot of",55,openness,55,294,0,0,0
4,"When planning a vacation, I would choose",-5.0,"a destination that is far away from home, and I would also choose a destination that is popular with tourists.  Given the paragraph above, please answer correctly the following question:   Would a tourist be more likely to visit a popular destination or a remote destination?

A tourist would be more likely to visit a popular destination.",56,openness,56,339,0,0,0
4,"When planning a vacation, I would choose",-4.5,"a destination that is ________.
A. far away from my home
B. near my home
C. in the same city
D. in the same country
Answer:

B

Which of the following statements about the characteristics of the three major geographical regions is true?
A. The northern region is mainly characterized by arid and semi-arid climates.
B. The southern region is dominated by subtropical monsoon climate.
C. The western region is mainly characterized by temperate continental climate",76,openness,76,462,0,0,0
4,"When planning a vacation, I would choose",-4.0,"a place that is ________ to me.
A. familiar
B. familiarly
C. familiarize
D. familiarize with
Answer:
A

Which of the following statements about the characteristics of the 'Three Represents' important thought is incorrect?
A. The 'Three Represents' important thought is a scientific theory that is both consistent with and evolving from Marxism-Leninism, Mao Zedong Thought, and Deng Xiaoping Theory.
B. The 'Three Represents' important thought",66,openness,66,443,0,1,-1
4,"When planning a vacation, I would choose",-3.5,"a destination that is ________ to my interests and budget.
A. convenient
B. suitable
C. available
D. affordable
Answer: B

Which of the following statements about the relationship between the three major economic components of New China is incorrect?
A. The socialist state-owned economy is the leading force in the national economy.
B. The people's commune is the foundation of the socialist economic system.
C. The cooperative economy is the main form of the socialist economic system.
D.",78,openness,78,490,0,0,0
4,"When planning a vacation, I would choose",-3.0,"a destination that is far away from home.  Given the context: What will the woman want to do next?  Possible answers: go to the beach, go to the mountains, go to the city
Answer: go to the city",38,openness,38,193,0,0,0
4,"When planning a vacation, I would choose",-2.5,"a place that is far away from my home. I would also choose a place that is not too expensive to visit. Additionally, I would choose a place that has a lot of interesting things to do and see. I would also consider the weather and climate of the place I am planning to visit. Finally, I would choose a place that is safe and secure for me to visit. Based on these factors, I would choose a place that is far away from my home, not too expensive to visit",91,openness,91,452,0,0,0
4,"When planning a vacation, I would choose",-2.0,"a place that is ________ to my interests.
A. relevant
B. related
C. applicable
D. suitable
Answer:
D

Which of the following statements about the relationship between the three major elements of a computer network is incorrect?
A. The network is the carrier of the network system
B. The network is the means of achieving network functions
C. The network is the subject of network services
D. The network is the result of network functions
Answer:
D",77,openness,77,448,0,0,0
4,"When planning a vacation, I would choose",-1.5,"a destination that is far away from home because I want to experience new things and have a unique experience. Additionally, I would consider the cost of the trip and the time it takes to get there and back. I would also consider the weather and climate of the destination to ensure that it is suitable for my activities and interests. Finally, I would consider the cultural and historical significance of the destination to ensure that it is a meaningful and enriching experience.",83,openness,83,481,1,0,1
4,"When planning a vacation, I would choose",-1.0,"a destination that is ______.
A. far away from my home
B. close to my home
C. far from my home
D. close to my home
Answer: B

Which of the following statements about the characteristics of the Yangtze River is true?
A. The Yangtze River is the longest river in China.
B. The Yangtze River is the largest river in China.
C. The Yangtze River is the river with the largest volume of water",75,openness,75,386,0,0,0
4,"When planning a vacation, I would choose",-0.5,"a place that is known for its natural beauty and has a rich history. I would also consider the cost of the trip and the availability of accommodations. Additionally, I would want to ensure that the destination has a diverse range of activities and attractions to keep me engaged and excited throughout the trip. Based on these factors, I would choose a destination that is located in a remote area with limited tourism, such as a national park or a small town. This would allow me to immerse myself in the natural",92,openness,92,513,0,0,0
4,"When planning a vacation, I would choose",0.0,"a destination that is far away from home, and I would also choose a destination that is affordable. Which of the following options best describes my choice?
A) I would choose a destination that is far away from home and also affordable.
B) I would choose a destination that is far away from home but not necessarily affordable.
C) I would choose a destination that is affordable but not necessarily far away from home.
D) I would choose a destination that is not far away from home but affordable.",89,openness,89,497,0,0,0
4,"When planning a vacation, I would choose",0.5,"a destination that is _______.
A. near
B. far
C. close
D. far away
Answer:
C

Which of the following statements about the relationship between the two major historical events of the Xinhai Revolution and the May Fourth Movement is incorrect?
A. Both were anti-imperialist and anti-feudal patriotic movements.
B. Both were led by the bourgeoisie.
C. Both had the same social foundation.
D. Both were part of the global anti-im",71,openness,71,425,0,0,0
4,"When planning a vacation, I would choose",1.0,"a destination that is ________ to me.
A. familiar
B. familiarized
C. familiarize
D. familiarizing
Answer:
A

Which of the following statements about the relationship between the subject and object of cognition is incorrect?
A. The subject and object of cognition are both real entities.
B. The subject and object of cognition are both ideal entities.
C. The subject and object of cognition are both real entities.
D. The subject and object of cognition are both ideal",77,openness,77,467,0,1,-1
4,"When planning a vacation, I would choose",1.5,"a destination that is far from home and has a unique culture to experience. I would also consider the cost of the trip and whether or not it would be worth the expense. Additionally, I would research the weather and any potential risks or hazards associated with the destination. Finally, I would make sure to pack appropriately for the climate and any necessary travel documents or vaccinations. Based on these factors, I would choose a destination that is far from home, has a unique culture, and is within my budget.",90,openness,90,519,1,0,1
4,"When planning a vacation, I would choose",2.0,"a destination that is close to home. The reason for this is that I want to save time and money. Additionally, I would prefer to travel during the off-season to avoid crowds and high prices. What is the most likely reason for my preference?
The most likely reason for your preference is that you value convenience and cost-effectiveness. By choosing a destination close to home, you can minimize travel time and expenses, which can make your vacation more enjoyable and affordable. Additionally, traveling during the off-season",86,openness,86,526,0,0,0
4,"When planning a vacation, I would choose",2.5,"a place with a warm climate and sunny weather. Which of the following options best fits this description?
A. Warm and sunny
B. Cold and rainy
C. Hot and rainy
D. Hot and sunny
Answer: D

Which of the following statements about the relationship between chromosomes, DNA, and genes is correct?
A. A single chromosome contains only one DNA molecule.
B. A single DNA molecule contains only one gene.
C. A single gene contains only one DNA molecule.
D",79,openness,79,446,0,0,0
4,"When planning a vacation, I would choose",3.0,"to go to a place where I could experience the local culture and cuisine. I would also look for activities that would allow me to interact with the locals and learn about their traditions and customs. Additionally, I would want to stay in a place that has a warm and welcoming atmosphere, where I could feel comfortable and relaxed. Finally, I would prioritize places that offer a mix of natural beauty and cultural attractions, such as a beach or a national park, to ensure that my vacation is both enjoyable and meaningful",92,openness,92,523,0,0,0
4,"When planning a vacation, I would choose",3.5,"a place that is known for its natural beauty, such as a national park or a beach. I would also consider the cost of the trip and the availability of accommodations. Additionally, I would research the local culture and customs to ensure that I am respectful and understanding of the people and their way of life. Finally, I would make sure to pack appropriately for the climate and weather conditions of the destination.",73,openness,73,419,0,0,0
4,"When planning a vacation, I would choose",4.0,"a destination that is ______.
A. close to my hometown
B. far from my hometown
C. far from my parents
D. close to my parents
Answer:
A

Which of the following statements about the characteristics of the Earth's surface is true?
A. The Earth's surface is composed of land and sea.
B. The Earth's surface is entirely covered by land.
C. The Earth's surface is entirely covered by sea.
D. The Earth's surface is divided into",76,openness,76,420,0,0,0
4,"When planning a vacation, I would choose",4.5,"a place that is far from home.  Given the context: How would you describe the narrator?  Possible answers: someone who is lazy, someone who is adventurous, someone who is lazy
The answer to this question is:
someone who is adventurous",40,openness,40,234,0,0,0
4,"When planning a vacation, I would choose",5.0,"a destination that is far away from home. What is the most likely reason for this choice?
A. To avoid the hassle of dealing with family and friends
B. To experience a different culture and lifestyle
C. To explore new and exciting activities
D. To save money on travel expenses
Answer: B

Which of the following statements is true?
A. When a small amount of NaOH solution is added to a solution, if the resulting solution is neutral, it can be concluded that",83,openness,83,457,0,0,0
